session_id,user_id,start_time,end_time,device_type
38,5,2025-09-01 13:25:27,2025-09-01 14:19:27,ios
211,24,2025-09-01 15:06:35,2025-09-01 15:28:35,ios
626,94,2025-09-02 10:47:46,2025-09-02 10:58:46,web
440,70,2025-09-02 14:14:43,2025-09-02 14:45:43,web
399,62,2025-09-02 17:34:33,2025-09-02 18:13:33,web
438,68,2025-09-03 10:01:09,2025-09-03 10:55:09,web
439,69,2025-09-03 16:19:00,2025-09-03 17:17:00,web
409,64,2025-09-03 19:39:54,2025-09-03 20:01:54,web
408,64,2025-09-03 20:18:22,2025-09-03 20:41:22,ios
410,64,2025-09-04 14:30:41,2025-09-04 14:44:41,web
230,28,2025-09-04 15:44:40,2025-09-04 16:17:40,web
411,64,2025-09-04 16:25:03,2025-09-04 16:46:03,web
231,28,2025-09-04 20:59:06,2025-09-04 21:50:06,android
666,104,2025-09-05 08:05:39,2025-09-05 08:21:39,web
656,100,2025-09-05 08:17:50,2025-09-05 08:30:50,ios
412,64,2025-09-05 09:28:12,2025-09-05 09:36:12,android
368,51,2025-09-05 10:53:18,2025-09-05 11:35:18,web
593,89,2025-09-05 10:55:55,2025-09-05 11:07:55,web
783,120,2025-09-05 11:36:47,2025-09-05 12:21:47,ios
121,14,2025-09-05 11:38:39,2025-09-05 11:59:39,web
199,23,2025-09-05 12:12:39,2025-09-05 12:24:39,ios
580,88,2025-09-05 12:16:07,2025-09-05 13:02:07,web
212,25,2025-09-05 13:00:35,2025-09-05 13:25:35,web
323,43,2025-09-05 13:20:32,2025-09-05 14:16:32,web
490,79,2025-09-05 13:56:00,2025-09-05 14:07:00,web
625,93,2025-09-05 16:40:21,2025-09-05 17:02:21,android
667,104,2025-09-05 17:47:38,2025-09-05 18:19:38,ios
782,120,2025-09-05 17:47:39,2025-09-05 18:08:39,android
120,14,2025-09-05 18:49:30,2025-09-05 19:08:30,android
579,88,2025-09-05 19:32:46,2025-09-05 19:42:46,web
491,79,2025-09-05 20:18:32,2025-09-05 20:23:32,web
255,31,2025-09-06 09:26:53,2025-09-06 10:20:53,web
400,62,2025-09-06 13:15:27,2025-09-06 14:07:27,ios
747,114,2025-09-06 14:00:48,2025-09-06 14:36:48,ios
265,33,2025-09-06 14:21:40,2025-09-06 15:19:40,ios
730,112,2025-09-06 16:25:01,2025-09-06 16:45:01,android
414,64,2025-09-06 16:51:06,2025-09-06 16:57:06,ios
763,116,2025-09-06 17:01:22,2025-09-06 17:46:22,web
581,88,2025-09-06 21:23:33,2025-09-06 22:13:33,web
413,64,2025-09-06 21:52:10,2025-09-06 22:31:10,android
726,111,2025-09-07 10:44:25,2025-09-07 11:04:25,web
404,63,2025-09-07 11:26:05,2025-09-07 11:57:05,ios
200,23,2025-09-07 11:29:30,2025-09-07 12:11:30,web
657,100,2025-09-07 11:32:23,2025-09-07 12:12:23,web
305,40,2025-09-07 11:59:38,2025-09-07 12:11:38,web
201,23,2025-09-07 15:16:54,2025-09-07 15:54:54,ios
764,116,2025-09-07 16:22:58,2025-09-07 16:43:58,ios
304,40,2025-09-07 16:31:39,2025-09-07 16:48:39,android
294,38,2025-09-07 17:29:12,2025-09-07 17:46:12,web
233,28,2025-09-08 08:02:46,2025-09-08 08:30:46,android
748,114,2025-09-08 08:06:11,2025-09-08 08:41:11,web
686,107,2025-09-08 08:37:24,2025-09-08 09:07:24,web
122,14,2025-09-08 10:06:26,2025-09-08 10:38:26,web
25,3,2025-09-08 10:29:30,2025-09-08 11:22:30,android
731,112,2025-09-08 10:31:49,2025-09-08 11:16:49,web
442,71,2025-09-08 10:57:31,2025-09-08 11:32:31,android
685,107,2025-09-08 11:13:46,2025-09-08 11:22:46,web
369,51,2025-09-08 12:44:21,2025-09-08 13:31:21,web
492,79,2025-09-08 12:55:54,2025-09-08 13:47:54,android
563,85,2025-09-08 13:44:33,2025-09-08 14:35:33,web
695,108,2025-09-08 14:01:49,2025-09-08 14:55:49,web
24,3,2025-09-08 14:09:43,2025-09-08 14:15:43,web
395,61,2025-09-08 14:29:44,2025-09-08 14:46:44,web
493,79,2025-09-08 15:06:53,2025-09-08 15:52:53,android
107,13,2025-09-08 16:13:12,2025-09-08 16:42:12,android
637,97,2025-09-08 16:21:22,2025-09-08 16:37:22,web
106,13,2025-09-08 19:33:32,2025-09-08 20:32:32,web
232,28,2025-09-08 20:28:07,2025-09-08 21:13:07,web
694,108,2025-09-08 20:56:16,2025-09-08 21:39:16,web
202,23,2025-09-08 21:55:54,2025-09-08 22:26:54,web
687,107,2025-09-09 08:11:04,2025-09-09 08:39:04,web
198,22,2025-09-09 09:40:23,2025-09-09 10:19:23,web
124,14,2025-09-09 11:16:34,2025-09-09 12:09:34,web
668,104,2025-09-09 11:46:08,2025-09-09 12:29:08,ios
267,33,2025-09-09 12:05:43,2025-09-09 12:27:43,web
331,47,2025-09-09 12:55:34,2025-09-09 13:05:34,ios
332,47,2025-09-09 13:05:58,2025-09-09 13:59:58,android
123,14,2025-09-09 14:57:55,2025-09-09 15:40:55,ios
389,59,2025-09-09 15:07:54,2025-09-09 15:31:54,web
266,33,2025-09-09 16:28:46,2025-09-09 17:09:46,web
168,19,2025-09-09 16:59:18,2025-09-09 17:50:18,web
443,71,2025-09-09 17:33:29,2025-09-09 18:13:29,web
27,3,2025-09-10 11:24:44,2025-09-10 12:10:44,web
777,118,2025-09-10 12:28:59,2025-09-10 12:44:59,web
732,112,2025-09-10 13:32:41,2025-09-10 14:22:41,web
610,91,2025-09-10 15:35:16,2025-09-10 16:00:16,android
445,71,2025-09-10 17:32:10,2025-09-10 17:46:10,ios
101,12,2025-09-10 17:35:29,2025-09-10 17:57:29,web
444,71,2025-09-10 18:27:16,2025-09-10 19:17:16,web
26,3,2025-09-10 20:07:10,2025-09-10 20:52:10,ios
405,63,2025-09-10 20:12:48,2025-09-10 20:39:48,web
146,17,2025-09-11 08:23:56,2025-09-11 09:03:56,ios
749,114,2025-09-11 08:49:26,2025-09-11 09:46:26,ios
204,23,2025-09-11 09:27:45,2025-09-11 10:23:45,web
680,105,2025-09-11 11:48:45,2025-09-11 12:10:45,web
306,40,2025-09-11 13:31:37,2025-09-11 13:43:37,web
614,92,2025-09-11 13:35:23,2025-09-11 13:51:23,web
28,3,2025-09-11 14:01:13,2025-09-11 14:58:13,android
375,55,2025-09-11 14:49:27,2025-09-11 15:36:27,android
615,92,2025-09-11 16:23:24,2025-09-11 16:42:24,web
203,23,2025-09-11 16:24:21,2025-09-11 16:59:21,android
29,3,2025-09-11 17:51:14,2025-09-11 18:42:14,ios
545,83,2025-09-11 17:52:54,2025-09-11 18:05:54,web
396,61,2025-09-11 17:54:44,2025-09-11 18:48:44,web
546,83,2025-09-11 17:55:58,2025-09-11 18:05:58,web
307,40,2025-09-11 18:11:48,2025-09-11 18:46:48,web
108,13,2025-09-11 18:38:23,2025-09-11 19:28:23,web
147,17,2025-09-11 21:23:43,2025-09-11 22:09:43,web
334,47,2025-09-12 08:06:42,2025-09-12 09:00:42,web
583,88,2025-09-12 08:59:48,2025-09-12 09:32:48,web
205,23,2025-09-12 09:17:55,2025-09-12 09:55:55,ios
149,17,2025-09-12 09:31:55,2025-09-12 09:46:55,android
234,28,2025-09-12 09:56:48,2025-09-12 10:23:48,web
333,47,2025-09-12 10:42:46,2025-09-12 11:30:46,ios
282,35,2025-09-12 11:11:32,2025-09-12 11:43:32,web
206,23,2025-09-12 13:37:16,2025-09-12 14:04:16,web
627,95,2025-09-12 14:18:53,2025-09-12 14:59:53,web
37,4,2025-09-12 14:51:05,2025-09-12 15:48:05,android
582,88,2025-09-12 15:33:31,2025-09-12 15:52:31,android
110,13,2025-09-12 15:37:07,2025-09-12 16:31:07,ios
733,112,2025-09-12 16:06:16,2025-09-12 17:00:16,web
148,17,2025-09-12 16:44:35,2025-09-12 17:31:35,web
238,29,2025-09-12 16:58:20,2025-09-12 17:39:20,web
564,85,2025-09-12 17:30:23,2025-09-12 18:05:23,web
109,13,2025-09-12 18:05:40,2025-09-12 18:48:40,web
681,105,2025-09-12 19:59:56,2025-09-12 20:06:56,ios
390,59,2025-09-12 20:02:47,2025-09-12 20:15:47,web
460,73,2025-09-13 08:02:30,2025-09-13 08:57:30,web
213,26,2025-09-13 08:35:13,2025-09-13 08:49:13,web
415,64,2025-09-13 09:19:43,2025-09-13 10:18:43,web
125,14,2025-09-13 09:39:34,2025-09-13 10:24:34,ios
170,19,2025-09-13 10:10:45,2025-09-13 11:04:45,web
283,35,2025-09-13 10:14:04,2025-09-13 11:04:04,ios
416,64,2025-09-13 10:57:34,2025-09-13 11:19:34,web
376,55,2025-09-13 11:13:13,2025-09-13 11:52:13,ios
30,3,2025-09-13 11:21:01,2025-09-13 11:35:01,web
185,20,2025-09-13 12:07:33,2025-09-13 12:59:33,web
451,72,2025-09-13 13:00:48,2025-09-13 13:29:48,web
594,90,2025-09-13 13:57:43,2025-09-13 14:44:43,web
397,61,2025-09-13 14:10:18,2025-09-13 14:49:18,web
151,17,2025-09-13 14:21:54,2025-09-13 14:58:54,web
150,17,2025-09-13 14:25:36,2025-09-13 14:53:36,web
452,72,2025-09-13 14:40:13,2025-09-13 15:27:13,web
126,14,2025-09-13 16:00:01,2025-09-13 16:52:01,web
584,88,2025-09-13 16:02:10,2025-09-13 16:18:10,android
669,104,2025-09-13 16:49:42,2025-09-13 17:11:42,web
169,19,2025-09-13 16:58:13,2025-09-13 17:32:13,web
670,104,2025-09-13 17:02:34,2025-09-13 17:39:34,web
778,118,2025-09-13 19:20:41,2025-09-13 20:18:41,web
186,20,2025-09-13 20:03:25,2025-09-13 20:34:25,web
31,3,2025-09-13 20:46:03,2025-09-13 21:02:03,ios
239,29,2025-09-14 08:46:22,2025-09-14 09:29:22,android
127,14,2025-09-14 08:59:22,2025-09-14 09:27:22,android
152,17,2025-09-14 09:00:09,2025-09-14 09:25:09,web
422,65,2025-09-14 11:34:58,2025-09-14 11:41:58,web
240,29,2025-09-14 11:52:02,2025-09-14 12:13:02,ios
481,78,2025-09-14 12:33:41,2025-09-14 12:38:41,web
586,88,2025-09-14 13:42:22,2025-09-14 13:50:22,android
236,28,2025-09-14 13:50:35,2025-09-14 14:41:35,web
284,35,2025-09-14 15:28:06,2025-09-14 16:12:06,ios
153,17,2025-09-14 15:46:39,2025-09-14 16:28:39,android
697,108,2025-09-14 16:16:38,2025-09-14 16:46:38,web
639,98,2025-09-14 16:49:09,2025-09-14 17:27:09,web
373,54,2025-09-14 17:37:45,2025-09-14 17:53:45,web
235,28,2025-09-14 17:39:06,2025-09-14 18:22:06,web
482,78,2025-09-14 17:48:37,2025-09-14 18:15:37,web
256,32,2025-09-14 17:49:19,2025-09-14 18:38:19,web
214,26,2025-09-14 17:59:25,2025-09-14 18:41:25,ios
696,108,2025-09-14 18:15:18,2025-09-14 18:36:18,android
336,47,2025-09-14 18:30:08,2025-09-14 19:13:08,web
638,98,2025-09-14 19:07:09,2025-09-14 19:57:09,web
441,70,2025-09-14 20:01:54,2025-09-14 20:38:54,web
671,104,2025-09-14 20:20:32,2025-09-14 20:56:32,ios
335,47,2025-09-14 21:03:44,2025-09-14 21:33:44,web
672,104,2025-09-14 21:18:42,2025-09-14 21:37:42,ios
585,88,2025-09-14 21:38:55,2025-09-14 22:22:55,web
699,108,2025-09-15 08:43:02,2025-09-15 08:57:02,ios
698,108,2025-09-15 08:43:31,2025-09-15 08:57:31,ios
562,84,2025-09-15 09:08:27,2025-09-15 10:05:27,web
495,79,2025-09-15 09:41:56,2025-09-15 10:04:56,ios
547,83,2025-09-15 11:04:00,2025-09-15 11:35:00,web
595,90,2025-09-15 11:21:30,2025-09-15 12:08:30,web
734,112,2025-09-15 12:57:34,2025-09-15 13:56:34,ios
140,15,2025-09-15 13:23:44,2025-09-15 13:39:44,ios
316,41,2025-09-15 13:25:48,2025-09-15 14:12:48,web
1,1,2025-09-15 13:52:05,2025-09-15 14:40:05,android
711,109,2025-09-15 14:32:30,2025-09-15 15:31:30,web
494,79,2025-09-15 14:35:39,2025-09-15 15:24:39,web
735,112,2025-09-15 15:06:45,2025-09-15 15:33:45,web
171,19,2025-09-15 15:31:00,2025-09-15 15:43:00,web
548,83,2025-09-15 15:34:21,2025-09-15 16:14:21,android
417,64,2025-09-15 16:03:14,2025-09-15 16:32:14,web
74,10,2025-09-15 16:23:11,2025-09-15 16:45:11,android
596,90,2025-09-15 16:57:58,2025-09-15 17:30:58,web
727,111,2025-09-15 18:22:13,2025-09-15 19:06:13,web
102,12,2025-09-15 19:09:38,2025-09-15 19:26:38,web
73,10,2025-09-15 19:28:20,2025-09-15 20:19:20,web
377,55,2025-09-15 20:14:45,2025-09-15 20:43:45,web
640,98,2025-09-15 20:50:48,2025-09-15 21:00:48,web
662,102,2025-09-15 21:28:23,2025-09-15 22:19:23,ios
597,90,2025-09-16 08:53:22,2025-09-16 09:43:22,ios
765,116,2025-09-16 08:54:30,2025-09-16 09:04:30,web
688,107,2025-09-16 09:01:08,2025-09-16 09:22:08,web
406,63,2025-09-16 09:24:57,2025-09-16 10:18:57,web
383,58,2025-09-16 09:25:52,2025-09-16 09:36:52,ios
549,83,2025-09-16 09:37:30,2025-09-16 10:32:30,web
588,88,2025-09-16 11:24:23,2025-09-16 12:12:23,web
382,58,2025-09-16 11:36:16,2025-09-16 12:19:16,android
378,55,2025-09-16 11:57:37,2025-09-16 12:24:37,web
689,107,2025-09-16 12:45:41,2025-09-16 13:04:41,ios
380,57,2025-09-16 12:59:33,2025-09-16 13:07:33,ios
75,10,2025-09-16 14:02:28,2025-09-16 14:50:28,web
701,108,2025-09-16 14:20:40,2025-09-16 14:47:40,web
62,8,2025-09-16 14:48:08,2025-09-16 15:27:08,web
587,88,2025-09-16 14:58:54,2025-09-16 15:41:54,android
317,41,2025-09-16 14:59:45,2025-09-16 15:22:45,web
172,19,2025-09-16 15:20:50,2025-09-16 16:02:50,web
611,91,2025-09-16 16:18:32,2025-09-16 16:24:32,ios
673,104,2025-09-16 16:31:58,2025-09-16 17:28:58,android
446,71,2025-09-16 16:59:23,2025-09-16 17:12:23,web
550,83,2025-09-16 17:17:08,2025-09-16 17:59:08,ios
512,80,2025-09-16 17:47:30,2025-09-16 18:10:30,ios
453,72,2025-09-16 18:01:13,2025-09-16 18:49:13,web
750,114,2025-09-16 19:55:14,2025-09-16 20:05:14,web
173,19,2025-09-16 20:02:21,2025-09-16 20:50:21,android
700,108,2025-09-16 20:24:32,2025-09-16 21:04:32,web
76,10,2025-09-16 21:43:19,2025-09-16 22:23:19,web
712,109,2025-09-17 08:09:15,2025-09-17 08:17:15,web
46,7,2025-09-17 08:13:08,2025-09-17 08:57:08,ios
287,36,2025-09-17 08:31:35,2025-09-17 09:07:35,web
111,13,2025-09-17 08:34:33,2025-09-17 09:01:33,web
327,45,2025-09-17 08:39:59,2025-09-17 09:34:59,ios
155,17,2025-09-17 08:41:51,2025-09-17 09:20:51,web
2,1,2025-09-17 10:18:19,2025-09-17 10:40:19,web
286,36,2025-09-17 11:10:58,2025-09-17 11:35:58,ios
45,7,2025-09-17 12:43:34,2025-09-17 13:39:34,android
496,79,2025-09-17 13:26:18,2025-09-17 14:15:18,android
702,108,2025-09-17 14:59:02,2025-09-17 15:04:02,android
269,33,2025-09-17 15:07:42,2025-09-17 15:20:42,web
370,52,2025-09-17 15:18:47,2025-09-17 16:01:47,android
154,17,2025-09-17 15:39:20,2025-09-17 15:58:20,android
3,1,2025-09-17 16:10:11,2025-09-17 16:24:11,android
728,111,2025-09-17 16:52:12,2025-09-17 17:10:12,web
268,33,2025-09-17 19:50:35,2025-09-17 20:28:35,web
484,78,2025-09-17 20:14:26,2025-09-17 20:22:26,android
665,103,2025-09-17 20:59:01,2025-09-17 21:22:01,web
483,78,2025-09-17 21:30:46,2025-09-17 22:05:46,ios
703,108,2025-09-18 08:11:54,2025-09-18 09:06:54,ios
660,101,2025-09-18 08:24:58,2025-09-18 08:36:58,android
464,75,2025-09-18 08:25:37,2025-09-18 09:07:37,web
47,7,2025-09-18 09:20:41,2025-09-18 10:00:41,web
565,86,2025-09-18 09:36:25,2025-09-18 09:49:25,ios
497,79,2025-09-18 09:47:45,2025-09-18 10:23:45,web
498,79,2025-09-18 09:59:37,2025-09-18 10:12:37,android
401,62,2025-09-18 13:20:25,2025-09-18 14:04:25,web
599,90,2025-09-18 14:31:09,2025-09-18 14:46:09,ios
216,26,2025-09-18 14:35:46,2025-09-18 15:30:46,web
663,102,2025-09-18 14:48:07,2025-09-18 15:20:07,web
407,63,2025-09-18 15:02:54,2025-09-18 15:59:54,web
48,7,2025-09-18 15:33:11,2025-09-18 16:22:11,ios
357,49,2025-09-18 15:53:26,2025-09-18 15:59:26,ios
713,109,2025-09-18 16:08:08,2025-09-18 16:39:08,web
379,56,2025-09-18 17:09:56,2025-09-18 17:20:56,web
32,3,2025-09-18 17:39:37,2025-09-18 17:49:37,web
215,26,2025-09-18 18:46:29,2025-09-18 19:31:29,web
163,18,2025-09-18 19:00:07,2025-09-18 19:59:07,web
714,109,2025-09-18 19:05:40,2025-09-18 20:04:40,web
690,107,2025-09-18 19:16:24,2025-09-18 19:48:24,ios
598,90,2025-09-18 19:29:16,2025-09-18 19:43:16,web
141,15,2025-09-18 20:35:29,2025-09-18 21:34:29,ios
658,100,2025-09-18 20:43:10,2025-09-18 20:59:10,android
33,3,2025-09-18 21:17:24,2025-09-18 21:54:24,web
704,108,2025-09-18 21:32:12,2025-09-18 22:28:12,ios
472,77,2025-09-18 21:53:12,2025-09-18 22:16:12,web
343,48,2025-09-19 08:50:17,2025-09-19 09:29:17,web
682,106,2025-09-19 09:23:26,2025-09-19 10:04:26,web
270,33,2025-09-19 09:28:47,2025-09-19 10:19:47,web
257,32,2025-09-19 09:39:10,2025-09-19 10:33:10,ios
418,64,2025-09-19 10:07:17,2025-09-19 10:39:17,web
258,32,2025-09-19 10:35:58,2025-09-19 10:52:58,ios
174,19,2025-09-19 10:59:41,2025-09-19 11:04:41,web
195,21,2025-09-19 11:06:44,2025-09-19 11:45:44,web
241,29,2025-09-19 11:17:48,2025-09-19 11:40:48,ios
526,81,2025-09-19 11:31:27,2025-09-19 11:48:27,web
664,102,2025-09-19 11:31:32,2025-09-19 12:24:32,web
358,49,2025-09-19 11:38:23,2025-09-19 12:03:23,web
628,96,2025-09-19 12:03:12,2025-09-19 12:32:12,web
542,82,2025-09-19 12:29:25,2025-09-19 12:49:25,ios
344,48,2025-09-19 13:01:25,2025-09-19 13:32:25,ios
164,18,2025-09-19 13:14:20,2025-09-19 13:53:20,ios
391,59,2025-09-19 13:23:48,2025-09-19 14:04:48,web
251,30,2025-09-19 13:40:58,2025-09-19 14:20:58,web
242,29,2025-09-19 13:56:32,2025-09-19 14:49:32,web
525,81,2025-09-19 14:58:38,2025-09-19 15:05:38,web
337,47,2025-09-19 14:59:33,2025-09-19 15:46:33,android
320,42,2025-09-19 15:09:18,2025-09-19 15:16:18,web
568,87,2025-09-19 15:28:10,2025-09-19 16:09:10,ios
752,115,2025-09-19 15:37:02,2025-09-19 16:19:02,web
706,108,2025-09-19 15:52:06,2025-09-19 16:29:06,android
629,96,2025-09-19 16:27:34,2025-09-19 17:10:34,web
779,118,2025-09-19 16:41:58,2025-09-19 17:00:58,web
589,88,2025-09-19 17:11:36,2025-09-19 17:24:36,web
616,92,2025-09-19 17:11:37,2025-09-19 17:26:37,web
674,104,2025-09-19 17:18:23,2025-09-19 17:48:23,android
419,64,2025-09-19 17:33:35,2025-09-19 18:02:35,android
590,88,2025-09-19 17:42:53,2025-09-19 17:51:53,web
513,80,2025-09-19 18:32:37,2025-09-19 18:47:37,ios
485,78,2025-09-19 19:48:11,2025-09-19 20:47:11,web
705,108,2025-09-19 20:32:33,2025-09-19 21:09:33,android
784,120,2025-09-20 08:08:44,2025-09-20 08:45:44,web
486,78,2025-09-20 08:49:36,2025-09-20 09:06:36,ios
338,47,2025-09-20 09:14:39,2025-09-20 09:50:39,web
244,29,2025-09-20 09:15:54,2025-09-20 09:38:54,ios
724,110,2025-09-20 10:02:06,2025-09-20 10:42:06,ios
372,53,2025-09-20 10:39:07,2025-09-20 11:35:07,ios
487,78,2025-09-20 10:44:43,2025-09-20 10:55:43,web
339,47,2025-09-20 11:03:16,2025-09-20 11:48:16,web
308,40,2025-09-20 11:12:44,2025-09-20 11:58:44,ios
618,92,2025-09-20 11:27:09,2025-09-20 12:09:09,ios
49,7,2025-09-20 11:50:25,2025-09-20 12:23:25,web
785,120,2025-09-20 12:09:19,2025-09-20 13:03:19,ios
527,81,2025-09-20 12:35:35,2025-09-20 12:43:35,android
176,19,2025-09-20 12:48:40,2025-09-20 13:09:40,web
402,62,2025-09-20 14:42:42,2025-09-20 15:09:42,web
751,114,2025-09-20 15:22:47,2025-09-20 15:36:47,ios
468,76,2025-09-20 15:32:20,2025-09-20 15:38:20,web
65,9,2025-09-20 15:58:04,2025-09-20 16:50:04,web
653,99,2025-09-20 16:17:02,2025-09-20 16:31:02,web
617,92,2025-09-20 16:30:54,2025-09-20 17:15:54,web
736,112,2025-09-20 16:34:27,2025-09-20 16:44:27,android
465,75,2025-09-20 17:05:16,2025-09-20 18:00:16,ios
34,3,2025-09-20 17:08:53,2025-09-20 18:03:53,ios
767,117,2025-09-20 17:15:53,2025-09-20 18:02:53,web
630,96,2025-09-20 17:21:40,2025-09-20 17:48:40,web
50,7,2025-09-20 17:35:46,2025-09-20 17:59:46,web
515,80,2025-09-20 17:49:11,2025-09-20 18:29:11,web
766,117,2025-09-20 18:03:27,2025-09-20 18:14:27,android
324,44,2025-09-20 18:47:43,2025-09-20 19:38:43,web
142,15,2025-09-20 18:56:59,2025-09-20 19:54:59,ios
143,16,2025-09-20 19:10:38,2025-09-20 19:23:38,android
437,67,2025-09-20 19:14:33,2025-09-20 20:04:33,android
243,29,2025-09-20 19:15:58,2025-09-20 20:02:58,android
321,42,2025-09-20 19:25:46,2025-09-20 20:03:46,android
514,80,2025-09-20 19:38:00,2025-09-20 20:07:00,ios
528,81,2025-09-20 19:38:46,2025-09-20 20:21:46,web
64,9,2025-09-20 20:08:02,2025-09-20 20:37:02,android
309,40,2025-09-20 20:16:23,2025-09-20 20:28:23,android
217,26,2025-09-20 20:33:33,2025-09-20 21:05:33,web
175,19,2025-09-20 21:07:42,2025-09-20 21:31:42,web
237,28,2025-09-20 21:56:47,2025-09-20 22:47:47,android
259,32,2025-09-21 08:08:05,2025-09-21 08:55:05,web
188,20,2025-09-21 08:28:12,2025-09-21 09:19:12,web
165,18,2025-09-21 08:38:08,2025-09-21 09:17:08,web
218,26,2025-09-21 09:10:14,2025-09-21 09:46:14,web
246,29,2025-09-21 09:29:46,2025-09-21 10:12:46,android
274,34,2025-09-21 09:31:07,2025-09-21 09:57:07,web
642,98,2025-09-21 09:37:31,2025-09-21 10:35:31,ios
601,90,2025-09-21 09:51:47,2025-09-21 10:38:47,web
398,61,2025-09-21 10:42:54,2025-09-21 11:08:54,web
66,9,2025-09-21 10:55:39,2025-09-21 11:33:39,web
103,12,2025-09-21 11:03:53,2025-09-21 11:14:53,android
641,98,2025-09-21 11:22:46,2025-09-21 11:39:46,web
659,100,2025-09-21 12:24:10,2025-09-21 12:37:10,web
737,112,2025-09-21 12:36:30,2025-09-21 13:08:30,web
403,62,2025-09-21 12:56:38,2025-09-21 13:23:38,web
600,90,2025-09-21 13:11:20,2025-09-21 13:55:20,web
273,34,2025-09-21 14:13:28,2025-09-21 14:36:28,android
325,44,2025-09-21 15:22:02,2025-09-21 16:06:02,web
51,7,2025-09-21 16:39:16,2025-09-21 16:44:16,web
340,47,2025-09-21 16:59:11,2025-09-21 17:26:11,web
729,111,2025-09-21 17:01:44,2025-09-21 17:18:44,web
359,49,2025-09-21 17:11:21,2025-09-21 17:21:21,ios
569,87,2025-09-21 17:42:14,2025-09-21 18:05:14,ios
271,33,2025-09-21 17:48:02,2025-09-21 17:59:02,ios
272,33,2025-09-21 18:02:14,2025-09-21 18:35:14,ios
738,112,2025-09-21 18:59:01,2025-09-21 19:36:01,ios
499,79,2025-09-21 19:01:42,2025-09-21 19:19:42,ios
245,29,2025-09-21 19:13:04,2025-09-21 20:11:04,web
52,7,2025-09-21 19:18:36,2025-09-21 20:06:36,android
516,80,2025-09-21 19:25:07,2025-09-21 19:34:07,web
551,83,2025-09-21 19:38:11,2025-09-21 19:44:11,web
500,79,2025-09-21 19:41:04,2025-09-21 20:29:04,web
4,1,2025-09-21 19:49:27,2025-09-21 20:21:27,web
675,104,2025-09-21 20:03:09,2025-09-21 20:32:09,android
5,1,2025-09-21 20:27:47,2025-09-21 21:00:47,web
753,115,2025-09-21 20:29:28,2025-09-21 20:59:28,android
754,115,2025-09-21 20:48:56,2025-09-21 21:01:56,ios
570,87,2025-09-21 21:07:08,2025-09-21 22:02:08,web
187,20,2025-09-21 21:41:36,2025-09-21 22:22:36,android
448,71,2025-09-22 08:28:30,2025-09-22 08:36:30,android
707,108,2025-09-22 08:32:07,2025-09-22 08:56:07,web
310,40,2025-09-22 09:53:17,2025-09-22 10:14:17,ios
219,26,2025-09-22 10:10:12,2025-09-22 11:07:12,web
530,81,2025-09-22 11:11:28,2025-09-22 11:22:28,web
602,90,2025-09-22 11:20:36,2025-09-22 12:16:36,web
423,66,2025-09-22 11:36:40,2025-09-22 11:57:40,web
67,9,2025-09-22 12:41:35,2025-09-22 13:12:35,ios
552,83,2025-09-22 12:50:27,2025-09-22 13:25:27,web
488,78,2025-09-22 12:57:09,2025-09-22 13:11:09,ios
104,12,2025-09-22 13:27:08,2025-09-22 13:57:08,web
786,120,2025-09-22 13:46:04,2025-09-22 14:02:04,web
677,104,2025-09-22 13:49:18,2025-09-22 14:40:18,web
7,1,2025-09-22 13:58:26,2025-09-22 14:51:26,android
311,40,2025-09-22 14:16:39,2025-09-22 14:39:39,ios
447,71,2025-09-22 14:28:23,2025-09-22 14:42:23,web
501,79,2025-09-22 14:40:30,2025-09-22 15:35:30,ios
683,106,2025-09-22 15:03:28,2025-09-22 15:08:28,android
129,14,2025-09-22 15:09:37,2025-09-22 16:00:37,web
128,14,2025-09-22 15:16:04,2025-09-22 15:40:04,ios
196,21,2025-09-22 15:18:37,2025-09-22 15:25:37,web
6,1,2025-09-22 15:29:49,2025-09-22 16:18:49,web
220,26,2025-09-22 15:53:59,2025-09-22 16:44:59,web
603,90,2025-09-22 16:11:34,2025-09-22 16:19:34,ios
374,54,2025-09-22 16:12:24,2025-09-22 17:10:24,web
676,104,2025-09-22 16:17:53,2025-09-22 16:22:53,web
787,120,2025-09-22 17:12:57,2025-09-22 17:34:57,android
68,9,2025-09-22 17:31:42,2025-09-22 18:28:42,ios
566,86,2025-09-22 18:10:30,2025-09-22 19:03:30,ios
768,117,2025-09-22 18:38:40,2025-09-22 18:46:40,web
112,13,2025-09-22 19:16:15,2025-09-22 19:32:15,android
362,50,2025-09-22 19:16:40,2025-09-22 20:14:40,android
529,81,2025-09-22 21:13:58,2025-09-22 21:50:58,android
363,50,2025-09-22 21:14:42,2025-09-22 21:51:42,web
489,78,2025-09-22 21:20:48,2025-09-22 21:33:48,web
329,46,2025-09-23 08:00:56,2025-09-23 08:46:56,web
69,9,2025-09-23 08:39:30,2025-09-23 09:17:30,ios
424,66,2025-09-23 08:59:23,2025-09-23 09:55:23,web
197,21,2025-09-23 09:31:21,2025-09-23 10:04:21,web
502,79,2025-09-23 09:36:49,2025-09-23 10:12:49,web
8,1,2025-09-23 10:52:22,2025-09-23 11:33:22,ios
461,74,2025-09-23 12:18:01,2025-09-23 12:34:01,ios
454,72,2025-09-23 12:27:47,2025-09-23 13:07:47,web
221,26,2025-09-23 13:32:49,2025-09-23 14:14:49,web
503,79,2025-09-23 15:01:03,2025-09-23 15:15:03,web
612,91,2025-09-23 18:12:32,2025-09-23 18:21:32,web
604,90,2025-09-23 18:30:28,2025-09-23 18:47:28,ios
780,118,2025-09-23 20:31:31,2025-09-23 21:28:31,ios
605,90,2025-09-23 20:36:16,2025-09-23 21:01:16,web
739,112,2025-09-23 20:43:56,2025-09-23 20:51:56,web
222,26,2025-09-23 21:21:17,2025-09-23 21:39:17,web
644,98,2025-09-23 21:33:48,2025-09-23 22:31:48,web
643,98,2025-09-23 21:37:11,2025-09-23 22:26:11,android
531,81,2025-09-24 08:32:35,2025-09-24 09:12:35,android
360,49,2025-09-24 08:44:35,2025-09-24 09:08:35,android
473,77,2025-09-24 09:36:06,2025-09-24 10:06:06,android
756,115,2025-09-24 10:15:50,2025-09-24 10:23:50,web
40,6,2025-09-24 10:17:00,2025-09-24 10:35:00,ios
275,34,2025-09-24 11:28:58,2025-09-24 12:14:58,web
553,83,2025-09-24 11:37:19,2025-09-24 12:31:19,web
295,39,2025-09-24 11:54:15,2025-09-24 12:44:15,ios
393,60,2025-09-24 12:42:24,2025-09-24 13:04:24,android
77,10,2025-09-24 15:20:17,2025-09-24 15:54:17,web
781,119,2025-09-24 15:23:01,2025-09-24 15:40:01,web
345,48,2025-09-24 15:35:20,2025-09-24 15:47:20,android
78,10,2025-09-24 16:16:11,2025-09-24 17:06:11,web
679,104,2025-09-24 16:16:51,2025-09-24 16:27:51,android
678,104,2025-09-24 17:38:23,2025-09-24 18:16:23,web
567,86,2025-09-24 18:36:36,2025-09-24 18:55:36,android
517,80,2025-09-24 18:37:25,2025-09-24 19:19:25,android
156,17,2025-09-24 19:40:35,2025-09-24 20:21:35,ios
157,17,2025-09-24 20:02:26,2025-09-24 20:56:26,web
532,81,2025-09-24 20:14:28,2025-09-24 20:22:28,ios
39,6,2025-09-24 20:29:22,2025-09-24 21:24:22,web
755,115,2025-09-24 20:34:53,2025-09-24 20:46:53,android
346,48,2025-09-24 20:51:59,2025-09-24 21:32:59,ios
645,98,2025-09-25 08:35:16,2025-09-25 08:53:16,android
35,3,2025-09-25 08:53:54,2025-09-25 09:48:54,web
469,76,2025-09-25 09:53:17,2025-09-25 10:43:17,web
425,66,2025-09-25 10:46:12,2025-09-25 11:31:12,web
646,98,2025-09-25 11:07:03,2025-09-25 11:38:03,web
455,72,2025-09-25 11:19:58,2025-09-25 12:09:58,ios
91,11,2025-09-25 11:52:49,2025-09-25 12:20:49,ios
260,32,2025-09-25 12:01:57,2025-09-25 12:48:57,ios
178,19,2025-09-25 12:07:24,2025-09-25 12:38:24,web
788,120,2025-09-25 12:18:52,2025-09-25 12:38:52,ios
90,11,2025-09-25 12:19:25,2025-09-25 12:52:25,ios
190,20,2025-09-25 12:43:10,2025-09-25 13:26:10,web
691,107,2025-09-25 12:45:20,2025-09-25 12:59:20,ios
189,20,2025-09-25 12:58:22,2025-09-25 13:53:22,web
53,7,2025-09-25 15:30:20,2025-09-25 15:51:20,ios
392,59,2025-09-25 16:49:11,2025-09-25 17:18:11,web
113,13,2025-09-25 19:00:56,2025-09-25 19:34:56,web
426,66,2025-09-25 20:33:17,2025-09-25 21:31:17,web
456,72,2025-09-25 21:05:12,2025-09-25 21:45:12,web
177,19,2025-09-25 21:44:00,2025-09-25 22:28:00,web
428,66,2025-09-26 09:03:20,2025-09-26 09:46:20,web
115,13,2025-09-26 11:22:25,2025-09-26 11:30:25,android
534,81,2025-09-26 12:07:43,2025-09-26 12:45:43,ios
179,19,2025-09-26 12:18:46,2025-09-26 12:50:46,web
745,113,2025-09-26 12:51:34,2025-09-26 13:37:34,web
533,81,2025-09-26 13:44:41,2025-09-26 14:06:41,android
54,7,2025-09-26 14:16:22,2025-09-26 14:46:22,web
470,76,2025-09-26 14:51:48,2025-09-26 15:06:48,android
555,83,2025-09-26 15:39:53,2025-09-26 16:16:53,web
647,98,2025-09-26 16:03:11,2025-09-26 16:16:11,ios
130,14,2025-09-26 16:40:24,2025-09-26 17:39:24,web
427,66,2025-09-26 16:55:29,2025-09-26 17:28:29,web
554,83,2025-09-26 16:56:50,2025-09-26 17:35:50,web
131,14,2025-09-26 19:33:10,2025-09-26 19:47:10,web
571,87,2025-09-26 19:44:01,2025-09-26 19:50:01,ios
648,98,2025-09-26 20:12:57,2025-09-26 20:44:57,ios
114,13,2025-09-26 20:13:35,2025-09-26 20:50:35,web
330,46,2025-09-26 20:15:07,2025-09-26 21:06:07,web
55,7,2025-09-26 20:17:30,2025-09-26 20:51:30,web
740,112,2025-09-26 21:16:13,2025-09-26 22:01:13,web
63,8,2025-09-26 21:16:23,2025-09-26 21:23:23,android
557,83,2025-09-27 08:17:06,2025-09-27 08:25:06,web
9,1,2025-09-27 08:39:31,2025-09-27 09:17:31,web
79,10,2025-09-27 08:40:12,2025-09-27 09:14:12,web
692,107,2025-09-27 08:44:10,2025-09-27 09:18:10,web
556,83,2025-09-27 09:22:49,2025-09-27 09:39:49,android
262,32,2025-09-27 10:13:37,2025-09-27 11:07:37,web
191,20,2025-09-27 10:16:34,2025-09-27 10:38:34,ios
420,64,2025-09-27 10:33:27,2025-09-27 10:40:27,web
429,66,2025-09-27 11:21:21,2025-09-27 11:47:21,android
347,48,2025-09-27 11:28:19,2025-09-27 11:57:19,web
247,29,2025-09-27 11:28:23,2025-09-27 11:50:23,android
192,20,2025-09-27 11:53:18,2025-09-27 12:24:18,android
261,32,2025-09-27 13:10:57,2025-09-27 13:27:57,web
758,115,2025-09-27 13:30:53,2025-09-27 13:44:53,ios
716,109,2025-09-27 13:40:06,2025-09-27 13:58:06,web
105,12,2025-09-27 15:15:48,2025-09-27 15:45:48,web
715,109,2025-09-27 15:18:17,2025-09-27 16:12:17,web
421,64,2025-09-27 15:50:19,2025-09-27 16:42:19,web
757,115,2025-09-27 15:51:47,2025-09-27 16:15:47,web
288,36,2025-09-27 16:03:28,2025-09-27 16:26:28,web
313,40,2025-09-27 16:07:07,2025-09-27 16:38:07,web
252,30,2025-09-27 16:09:52,2025-09-27 16:28:52,web
535,81,2025-09-27 16:25:01,2025-09-27 16:32:01,ios
296,39,2025-09-27 16:34:50,2025-09-27 16:58:50,web
693,107,2025-09-27 16:35:18,2025-09-27 16:56:18,android
80,10,2025-09-27 16:38:30,2025-09-27 17:14:30,web
312,40,2025-09-27 16:51:08,2025-09-27 17:49:08,android
16,2,2025-09-27 17:35:00,2025-09-27 17:47:00,ios
166,18,2025-09-27 18:22:58,2025-09-27 18:53:58,web
725,110,2025-09-27 18:42:48,2025-09-27 19:24:48,ios
289,36,2025-09-27 18:45:33,2025-09-27 19:44:33,ios
10,1,2025-09-27 19:04:29,2025-09-27 19:38:29,ios
292,37,2025-09-27 19:21:21,2025-09-27 20:15:21,ios
741,112,2025-09-27 19:39:18,2025-09-27 20:26:18,web
536,81,2025-09-27 19:46:01,2025-09-27 20:22:01,web
70,9,2025-09-27 19:59:14,2025-09-27 20:33:14,ios
430,66,2025-09-27 20:17:26,2025-09-27 21:04:26,ios
56,7,2025-09-27 20:33:02,2025-09-27 21:14:02,web
57,7,2025-09-27 20:41:43,2025-09-27 20:47:43,web
592,88,2025-09-27 21:26:47,2025-09-27 21:38:47,web
591,88,2025-09-27 21:44:38,2025-09-27 22:25:38,android
381,57,2025-09-27 21:49:08,2025-09-27 22:28:08,web
17,2,2025-09-27 21:58:55,2025-09-27 22:53:55,ios
717,109,2025-09-28 08:36:26,2025-09-28 09:05:26,web
193,20,2025-09-28 08:55:19,2025-09-28 09:40:19,android
431,66,2025-09-28 09:53:12,2025-09-28 10:46:12,web
718,109,2025-09-28 09:55:43,2025-09-28 10:08:43,web
144,16,2025-09-28 10:12:42,2025-09-28 11:05:42,web
384,58,2025-09-28 10:36:17,2025-09-28 11:11:17,android
82,10,2025-09-28 10:54:45,2025-09-28 11:34:45,ios
341,47,2025-09-28 11:22:29,2025-09-28 11:51:29,web
504,79,2025-09-28 11:23:58,2025-09-28 12:02:58,android
158,17,2025-09-28 11:29:05,2025-09-28 12:19:05,web
364,50,2025-09-28 11:34:04,2025-09-28 11:47:04,web
159,17,2025-09-28 12:29:12,2025-09-28 13:07:12,web
298,39,2025-09-28 13:23:09,2025-09-28 13:59:09,web
81,10,2025-09-28 13:25:02,2025-09-28 14:10:02,web
371,52,2025-09-28 13:33:42,2025-09-28 13:56:42,ios
790,120,2025-09-28 13:43:07,2025-09-28 13:54:07,web
194,20,2025-09-28 13:54:57,2025-09-28 14:34:57,web
133,14,2025-09-28 14:22:43,2025-09-28 14:58:43,web
432,66,2025-09-28 14:55:17,2025-09-28 15:41:17,web
789,120,2025-09-28 15:10:16,2025-09-28 16:04:16,ios
253,30,2025-09-28 16:44:27,2025-09-28 16:49:27,web
277,34,2025-09-28 17:36:47,2025-09-28 18:25:47,web
537,81,2025-09-28 17:56:23,2025-09-28 18:53:23,web
276,34,2025-09-28 18:01:48,2025-09-28 18:14:48,web
297,39,2025-09-28 19:48:16,2025-09-28 20:34:16,android
631,96,2025-09-28 19:48:32,2025-09-28 20:43:32,ios
505,79,2025-09-28 20:26:05,2025-09-28 20:47:05,web
285,35,2025-09-28 20:37:47,2025-09-28 21:08:47,android
132,14,2025-09-28 21:48:55,2025-09-28 22:13:55,web
342,47,2025-09-28 21:54:40,2025-09-28 22:23:40,ios
208,23,2025-09-29 08:23:43,2025-09-29 08:38:43,android
314,40,2025-09-29 08:32:31,2025-09-29 09:05:31,android
746,113,2025-09-29 08:50:28,2025-09-29 09:18:28,web
348,48,2025-09-29 09:12:42,2025-09-29 10:10:42,web
207,23,2025-09-29 09:14:50,2025-09-29 09:31:50,web
543,82,2025-09-29 09:48:05,2025-09-29 10:38:05,android
263,32,2025-09-29 10:44:46,2025-09-29 11:08:46,web
613,91,2025-09-29 10:48:29,2025-09-29 11:27:29,web
145,16,2025-09-29 10:52:18,2025-09-29 11:38:18,android
620,92,2025-09-29 11:11:21,2025-09-29 11:35:21,web
315,40,2025-09-29 12:50:01,2025-09-29 13:34:01,android
769,117,2025-09-29 12:51:21,2025-09-29 13:00:21,web
466,75,2025-09-29 13:20:56,2025-09-29 14:03:56,web
619,92,2025-09-29 13:29:41,2025-09-29 13:38:41,web
18,2,2025-09-29 14:36:27,2025-09-29 14:50:27,web
606,90,2025-09-29 14:56:38,2025-09-29 15:19:38,ios
632,96,2025-09-29 15:25:35,2025-09-29 16:17:35,web
365,50,2025-09-29 15:54:00,2025-09-29 16:18:00,web
462,74,2025-09-29 16:11:08,2025-09-29 16:17:08,web
224,26,2025-09-29 16:11:10,2025-09-29 16:52:10,web
349,48,2025-09-29 16:19:08,2025-09-29 16:55:08,android
394,60,2025-09-29 16:27:50,2025-09-29 16:58:50,ios
519,80,2025-09-29 16:39:28,2025-09-29 16:59:28,web
19,2,2025-09-29 17:02:40,2025-09-29 17:51:40,web
366,50,2025-09-29 17:15:34,2025-09-29 17:39:34,web
290,36,2025-09-29 17:19:37,2025-09-29 17:48:37,web
518,80,2025-09-29 17:45:30,2025-09-29 18:39:30,web
223,26,2025-09-29 18:12:49,2025-09-29 18:27:49,web
71,9,2025-09-29 18:17:49,2025-09-29 18:35:49,android
650,98,2025-09-29 18:52:48,2025-09-29 19:39:48,web
385,58,2025-09-29 19:54:28,2025-09-29 20:31:28,web
759,115,2025-09-29 20:07:06,2025-09-29 20:17:06,web
607,90,2025-09-29 20:27:29,2025-09-29 20:38:29,android
649,98,2025-09-29 21:58:46,2025-09-29 22:50:46,ios
654,99,2025-09-30 08:04:06,2025-09-30 08:27:06,web
558,83,2025-09-30 08:22:56,2025-09-30 09:09:56,android
116,13,2025-09-30 08:41:37,2025-09-30 09:03:37,ios
322,42,2025-09-30 08:53:24,2025-09-30 08:59:24,web
117,13,2025-09-30 10:01:26,2025-09-30 10:07:26,web
449,71,2025-09-30 10:25:51,2025-09-30 10:55:51,web
507,79,2025-09-30 10:55:04,2025-09-30 11:25:04,web
457,72,2025-09-30 11:26:52,2025-09-30 12:13:52,web
771,117,2025-09-30 11:34:09,2025-09-30 12:12:09,web
538,81,2025-09-30 11:39:51,2025-09-30 12:29:51,ios
291,36,2025-09-30 12:43:04,2025-09-30 13:10:04,ios
458,72,2025-09-30 16:14:02,2025-09-30 16:47:02,web
539,81,2025-09-30 16:50:19,2025-09-30 17:34:19,android
450,71,2025-09-30 17:18:16,2025-09-30 18:06:16,ios
83,10,2025-09-30 17:50:34,2025-09-30 18:23:34,web
506,79,2025-09-30 18:54:02,2025-09-30 19:33:02,android
770,117,2025-09-30 18:55:58,2025-09-30 19:46:58,web
318,41,2025-09-30 19:07:23,2025-09-30 19:27:23,web
791,120,2025-09-30 20:05:58,2025-09-30 20:34:58,android
684,106,2025-10-01 08:35:55,2025-10-01 09:26:55,android
11,1,2025-10-01 09:33:17,2025-10-01 10:07:17,web
134,14,2025-10-01 10:22:23,2025-10-01 11:10:23,ios
36,3,2025-10-01 10:51:24,2025-10-01 11:21:24,android
93,11,2025-10-01 12:46:21,2025-10-01 13:37:21,ios
92,11,2025-10-01 13:19:22,2025-10-01 14:08:22,web
459,72,2025-10-01 14:13:54,2025-10-01 14:31:54,ios
651,98,2025-10-01 14:14:51,2025-10-01 15:00:51,ios
559,83,2025-10-01 14:39:17,2025-10-01 14:52:17,web
135,14,2025-10-01 14:43:46,2025-10-01 15:12:46,ios
773,117,2025-10-01 15:18:54,2025-10-01 16:17:54,ios
180,19,2025-10-01 17:01:50,2025-10-01 17:16:50,web
760,115,2025-10-01 17:26:11,2025-10-01 17:37:11,android
609,90,2025-10-01 17:52:16,2025-10-01 18:18:16,ios
278,34,2025-10-01 19:05:28,2025-10-01 19:26:28,web
319,41,2025-10-01 19:30:23,2025-10-01 20:29:23,android
467,75,2025-10-01 19:47:41,2025-10-01 20:18:41,web
386,58,2025-10-01 19:58:30,2025-10-01 20:13:30,android
608,90,2025-10-01 20:36:19,2025-10-01 20:41:19,web
328,45,2025-10-01 20:53:27,2025-10-01 21:27:27,web
772,117,2025-10-01 21:38:53,2025-10-01 22:37:53,android
661,101,2025-10-01 21:49:15,2025-10-01 22:26:15,web
792,120,2025-10-02 08:13:06,2025-10-02 08:39:06,web
119,13,2025-10-02 09:03:24,2025-10-02 09:22:24,android
326,44,2025-10-02 12:57:44,2025-10-02 13:54:44,web
137,14,2025-10-02 13:41:25,2025-10-02 14:39:25,android
475,77,2025-10-02 14:28:20,2025-10-02 15:20:20,web
248,29,2025-10-02 16:04:17,2025-10-02 16:34:17,web
621,92,2025-10-02 17:01:15,2025-10-02 17:43:15,ios
136,14,2025-10-02 17:33:42,2025-10-02 18:02:42,web
742,112,2025-10-02 17:49:17,2025-10-02 17:57:17,web
622,92,2025-10-02 17:53:38,2025-10-02 18:39:38,web
474,77,2025-10-02 17:55:06,2025-10-02 18:39:06,web
225,26,2025-10-02 18:42:52,2025-10-02 19:02:52,android
72,9,2025-10-02 18:57:22,2025-10-02 19:27:22,web
433,66,2025-10-02 19:41:50,2025-10-02 20:36:50,web
118,13,2025-10-02 21:00:45,2025-10-02 21:20:45,ios
167,18,2025-10-02 21:34:18,2025-10-02 22:08:18,android
94,11,2025-10-03 08:11:26,2025-10-03 08:23:26,ios
634,96,2025-10-03 08:33:38,2025-10-03 08:47:38,web
633,96,2025-10-03 08:38:20,2025-10-03 08:43:20,web
572,87,2025-10-03 09:23:36,2025-10-03 09:51:36,web
181,19,2025-10-03 09:28:37,2025-10-03 09:35:37,web
743,112,2025-10-03 09:47:51,2025-10-03 10:13:51,ios
20,2,2025-10-03 09:58:55,2025-10-03 10:47:55,web
160,17,2025-10-03 10:27:28,2025-10-03 10:40:28,android
561,83,2025-10-03 10:57:15,2025-10-03 11:41:15,web
85,10,2025-10-03 11:05:38,2025-10-03 11:51:38,android
560,83,2025-10-03 11:09:09,2025-10-03 11:37:09,android
300,39,2025-10-03 11:36:25,2025-10-03 12:02:25,android
508,79,2025-10-03 13:40:31,2025-10-03 14:04:31,web
299,39,2025-10-03 15:10:45,2025-10-03 15:22:45,web
161,17,2025-10-03 15:33:21,2025-10-03 15:40:21,android
139,14,2025-10-03 16:44:19,2025-10-03 17:05:19,web
42,6,2025-10-03 16:54:02,2025-10-03 17:22:02,web
41,6,2025-10-03 17:18:45,2025-10-03 17:56:45,web
573,87,2025-10-03 17:34:51,2025-10-03 18:07:51,android
744,112,2025-10-03 18:17:46,2025-10-03 18:58:46,web
509,79,2025-10-03 18:45:05,2025-10-03 19:27:05,android
775,117,2025-10-03 19:05:16,2025-10-03 19:59:16,web
84,10,2025-10-03 19:19:59,2025-10-03 19:47:59,web
708,108,2025-10-03 19:50:25,2025-10-03 20:03:25,ios
138,14,2025-10-03 20:03:19,2025-10-03 20:17:19,android
774,117,2025-10-03 20:52:09,2025-10-03 21:08:09,web
182,19,2025-10-03 21:48:30,2025-10-03 22:17:30,ios
254,30,2025-10-04 08:09:35,2025-10-04 08:22:35,android
574,87,2025-10-04 08:33:29,2025-10-04 08:45:29,web
95,11,2025-10-04 08:40:24,2025-10-04 09:32:24,ios
13,1,2025-10-04 09:05:52,2025-10-04 09:11:52,web
350,48,2025-10-04 09:12:41,2025-10-04 09:25:41,web
210,23,2025-10-04 09:15:08,2025-10-04 09:28:08,android
511,79,2025-10-04 09:27:01,2025-10-04 10:01:01,ios
652,98,2025-10-04 09:56:22,2025-10-04 10:05:22,web
96,11,2025-10-04 10:05:33,2025-10-04 10:27:33,android
655,99,2025-10-04 12:02:08,2025-10-04 12:47:08,web
183,19,2025-10-04 12:37:57,2025-10-04 13:11:57,web
22,2,2025-10-04 13:53:48,2025-10-04 14:27:48,web
21,2,2025-10-04 14:08:54,2025-10-04 14:15:54,web
510,79,2025-10-04 14:17:37,2025-10-04 15:15:37,web
12,1,2025-10-04 14:41:50,2025-10-04 15:02:50,android
476,77,2025-10-04 15:15:30,2025-10-04 16:12:30,web
624,92,2025-10-04 16:21:33,2025-10-04 17:11:33,android
209,23,2025-10-04 16:34:46,2025-10-04 17:26:46,web
184,19,2025-10-04 16:53:35,2025-10-04 17:30:35,web
623,92,2025-10-04 17:31:25,2025-10-04 18:26:25,web
264,32,2025-10-04 17:51:23,2025-10-04 18:20:23,android
293,37,2025-10-04 18:42:14,2025-10-04 18:58:14,web
279,34,2025-10-04 19:41:12,2025-10-04 19:56:12,web
351,48,2025-10-04 20:30:18,2025-10-04 21:05:18,web
59,7,2025-10-05 08:02:44,2025-10-05 08:20:44,web
540,81,2025-10-05 09:41:28,2025-10-05 10:24:28,ios
709,108,2025-10-05 12:18:24,2025-10-05 13:09:24,web
87,10,2025-10-05 13:16:58,2025-10-05 13:45:58,android
250,29,2025-10-05 13:19:43,2025-10-05 13:42:43,ios
520,80,2025-10-05 14:28:04,2025-10-05 15:14:04,web
86,10,2025-10-05 15:35:47,2025-10-05 16:09:47,web
249,29,2025-10-05 17:37:21,2025-10-05 18:07:21,ios
710,108,2025-10-05 17:40:41,2025-10-05 18:13:41,web
521,80,2025-10-05 17:41:51,2025-10-05 18:10:51,web
541,81,2025-10-05 19:07:04,2025-10-05 19:53:04,ios
352,48,2025-10-05 21:38:52,2025-10-05 22:13:52,ios
58,7,2025-10-05 21:48:28,2025-10-05 22:45:28,web
226,27,2025-10-06 12:09:35,2025-10-06 12:50:35,web
719,109,2025-10-06 12:13:02,2025-10-06 12:40:02,android
761,115,2025-10-06 13:56:18,2025-10-06 14:25:18,ios
544,82,2025-10-06 17:16:54,2025-10-06 17:49:54,web
361,49,2025-10-06 18:04:03,2025-10-06 18:29:03,ios
43,6,2025-10-06 19:46:07,2025-10-06 20:24:07,android
635,96,2025-10-06 20:42:16,2025-10-06 21:35:16,web
301,39,2025-10-06 21:23:34,2025-10-06 22:11:34,web
280,34,2025-10-07 08:25:01,2025-10-07 09:19:01,web
478,77,2025-10-07 11:52:32,2025-10-07 12:03:32,ios
97,11,2025-10-07 12:18:59,2025-10-07 12:51:59,web
477,77,2025-10-07 15:34:04,2025-10-07 16:12:04,android
463,74,2025-10-07 15:35:28,2025-10-07 16:21:28,web
162,17,2025-10-07 16:22:47,2025-10-07 16:48:47,ios
98,11,2025-10-07 17:01:45,2025-10-07 17:14:45,web
576,87,2025-10-07 17:19:18,2025-10-07 18:11:18,web
522,80,2025-10-07 19:21:36,2025-10-07 19:45:36,android
281,34,2025-10-07 20:00:29,2025-10-07 20:49:29,android
435,66,2025-10-07 21:22:24,2025-10-07 21:41:24,ios
434,66,2025-10-07 21:28:21,2025-10-07 21:43:21,android
575,87,2025-10-07 21:52:49,2025-10-07 22:34:49,android
721,109,2025-10-08 09:52:58,2025-10-08 10:18:58,web
720,109,2025-10-08 09:54:36,2025-10-08 10:20:36,ios
471,76,2025-10-08 11:41:18,2025-10-08 12:03:18,web
44,6,2025-10-08 14:09:06,2025-10-08 14:46:06,web
636,96,2025-10-08 15:20:12,2025-10-08 16:14:12,ios
367,50,2025-10-08 15:28:47,2025-10-08 16:23:47,web
302,39,2025-10-08 15:33:08,2025-10-08 15:59:08,ios
303,39,2025-10-08 16:39:19,2025-10-08 17:09:19,web
60,7,2025-10-08 17:36:36,2025-10-08 18:23:36,web
61,7,2025-10-08 18:07:19,2025-10-08 18:40:19,ios
227,27,2025-10-08 18:21:36,2025-10-08 18:52:36,web
577,87,2025-10-08 20:41:24,2025-10-08 21:37:24,web
723,109,2025-10-09 12:14:12,2025-10-09 12:31:12,web
100,11,2025-10-09 12:59:14,2025-10-09 13:28:14,ios
578,87,2025-10-09 17:18:29,2025-10-09 17:44:29,web
15,1,2025-10-09 17:21:20,2025-10-09 17:31:20,web
722,109,2025-10-09 18:06:22,2025-10-09 18:34:22,android
354,48,2025-10-09 18:10:44,2025-10-09 18:17:44,web
353,48,2025-10-09 18:27:31,2025-10-09 18:32:31,ios
776,117,2025-10-09 18:31:05,2025-10-09 19:10:05,android
14,1,2025-10-09 18:53:15,2025-10-09 19:05:15,web
99,11,2025-10-09 19:35:14,2025-10-09 20:22:14,ios
436,66,2025-10-09 19:58:53,2025-10-09 20:42:53,web
356,48,2025-10-10 09:31:25,2025-10-10 10:00:25,android
523,80,2025-10-10 10:45:54,2025-10-10 11:00:54,web
762,115,2025-10-10 11:03:46,2025-10-10 11:28:46,android
388,58,2025-10-10 12:41:52,2025-10-10 13:17:52,android
23,2,2025-10-10 13:25:53,2025-10-10 13:33:53,web
355,48,2025-10-10 13:27:24,2025-10-10 14:03:24,web
387,58,2025-10-10 14:56:20,2025-10-10 15:55:20,web
480,77,2025-10-10 16:52:17,2025-10-10 17:39:17,android
479,77,2025-10-10 17:11:53,2025-10-10 17:19:53,android
88,10,2025-10-10 18:09:02,2025-10-10 19:07:02,web
228,27,2025-10-10 18:33:50,2025-10-10 18:38:50,web
89,10,2025-10-10 19:00:56,2025-10-10 19:58:56,web
524,80,2025-10-10 19:35:15,2025-10-10 20:19:15,web
229,27,2025-10-10 21:16:17,2025-10-10 22:05:17,web
